﻿[
  {
    "id": 1,
    "title": "Wireless Headphones",
    "price": 149.99,
    "category": "Electronics",
    "images": ["assets/images/product-1.svg"],
    "rating": 4.5,
    "short": "Comfortable wireless headphones",
    "description": "High quality wireless headphones with noise cancellation and 20hr battery life."
  },
  {
    "id": 2,
    "title": "Smart Watch",
    "price": 99.99,
    "category": "Electronics",
    "images": ["assets/images/product-2.svg"],
    "rating": 4.2,
    "short": "Smart watch with fitness features",
    "description": "Track steps, heart rate and notifications with this sleek smart watch."
  },
  {
    "id": 3,
    "title": "Canvas Backpack",
    "price": 59.99,
    "category": "Bags",
    "images": ["assets/images/product-3.svg"],
    "rating": 4.6,
    "short": "Durable everyday backpack",
    "description": "Water-resistant canvas backpack with multiple compartments."
  }
]
